{"pitch": [-2.7826828357989943, 10.917391969773755, 172.57654598802847, 70.25354663877289], "energy": [-1.2717000246047974, 19.404661178588867, 21.522902796895856, 17.81173163585004]}